--
-- PostgreSQL database dump
--

\restrict P6tgMs2qhapZqOCCBUTH4UkWRdKK9G15Ry2ybXkXGL8sdQGJUmImciwnm9wTwmd

-- Dumped from database version 18.3 (Debian 18.3-1.pgdg13+1)
-- Dumped by pg_dump version 18.3 (Debian 18.3-1.pgdg13+1)

SET statement_timeout = 0;
SET lock_timeout = 0;
SET idle_in_transaction_session_timeout = 0;
SET transaction_timeout = 0;
SET client_encoding = 'UTF8';
SET standard_conforming_strings = on;
SELECT pg_catalog.set_config('search_path', '', false);
SET check_function_bodies = false;
SET xmloption = content;
SET client_min_messages = warning;
SET row_security = off;

SET default_tablespace = '';

SET default_table_access_method = heap;

--
-- Name: AspNetRoleClaims; Type: TABLE; Schema: public; Owner: postgres
--

CREATE TABLE public."AspNetRoleClaims" (
    "Id" integer NOT NULL,
    "RoleId" text NOT NULL,
    "ClaimType" text,
    "ClaimValue" text
);


ALTER TABLE public."AspNetRoleClaims" OWNER TO postgres;

--
-- Name: AspNetRoleClaims_Id_seq; Type: SEQUENCE; Schema: public; Owner: postgres
--

ALTER TABLE public."AspNetRoleClaims" ALTER COLUMN "Id" ADD GENERATED BY DEFAULT AS IDENTITY (
    SEQUENCE NAME public."AspNetRoleClaims_Id_seq"
    START WITH 1
    INCREMENT BY 1
    NO MINVALUE
    NO MAXVALUE
    CACHE 1
);


--
-- Name: AspNetRoles; Type: TABLE; Schema: public; Owner: postgres
--

CREATE TABLE public."AspNetRoles" (
    "Id" text NOT NULL,
    "Name" character varying(256),
    "NormalizedName" character varying(256),
    "ConcurrencyStamp" text
);


ALTER TABLE public."AspNetRoles" OWNER TO postgres;

--
-- Name: AspNetUserClaims; Type: TABLE; Schema: public; Owner: postgres
--

CREATE TABLE public."AspNetUserClaims" (
    "Id" integer NOT NULL,
    "UserId" text NOT NULL,
    "ClaimType" text,
    "ClaimValue" text
);


ALTER TABLE public."AspNetUserClaims" OWNER TO postgres;

--
-- Name: AspNetUserClaims_Id_seq; Type: SEQUENCE; Schema: public; Owner: postgres
--

ALTER TABLE public."AspNetUserClaims" ALTER COLUMN "Id" ADD GENERATED BY DEFAULT AS IDENTITY (
    SEQUENCE NAME public."AspNetUserClaims_Id_seq"
    START WITH 1
    INCREMENT BY 1
    NO MINVALUE
    NO MAXVALUE
    CACHE 1
);


--
-- Name: AspNetUserLogins; Type: TABLE; Schema: public; Owner: postgres
--

CREATE TABLE public."AspNetUserLogins" (
    "LoginProvider" text NOT NULL,
    "ProviderKey" text NOT NULL,
    "ProviderDisplayName" text,
    "UserId" text NOT NULL
);


ALTER TABLE public."AspNetUserLogins" OWNER TO postgres;

--
-- Name: AspNetUserRoles; Type: TABLE; Schema: public; Owner: postgres
--

CREATE TABLE public."AspNetUserRoles" (
    "UserId" text NOT NULL,
    "RoleId" text NOT NULL
);


ALTER TABLE public."AspNetUserRoles" OWNER TO postgres;

--
-- Name: AspNetUserTokens; Type: TABLE; Schema: public; Owner: postgres
--

CREATE TABLE public."AspNetUserTokens" (
    "UserId" text NOT NULL,
    "LoginProvider" text NOT NULL,
    "Name" text NOT NULL,
    "Value" text
);


ALTER TABLE public."AspNetUserTokens" OWNER TO postgres;

--
-- Name: AspNetUsers; Type: TABLE; Schema: public; Owner: postgres
--

CREATE TABLE public."AspNetUsers" (
    "Id" text NOT NULL,
    "FullName" text,
    "UserName" character varying(256),
    "NormalizedUserName" character varying(256),
    "Email" character varying(256),
    "NormalizedEmail" character varying(256),
    "EmailConfirmed" boolean NOT NULL,
    "PasswordHash" text,
    "SecurityStamp" text,
    "ConcurrencyStamp" text,
    "PhoneNumber" text,
    "PhoneNumberConfirmed" boolean NOT NULL,
    "TwoFactorEnabled" boolean NOT NULL,
    "LockoutEnd" timestamp with time zone,
    "LockoutEnabled" boolean NOT NULL,
    "AccessFailedCount" integer NOT NULL,
    "CreatedAt" timestamp with time zone DEFAULT '-infinity'::timestamp with time zone NOT NULL,
    "IsActive" boolean DEFAULT false NOT NULL
);


ALTER TABLE public."AspNetUsers" OWNER TO postgres;

--
-- Name: Journals; Type: TABLE; Schema: public; Owner: postgres
--

CREATE TABLE public."Journals" (
    "Id" integer NOT NULL,
    "Name" character varying(200) NOT NULL,
    "Issn" character varying(50),
    "Description" character varying(1000),
    "IsActive" boolean NOT NULL
);


ALTER TABLE public."Journals" OWNER TO postgres;

--
-- Name: Journals_Id_seq; Type: SEQUENCE; Schema: public; Owner: postgres
--

ALTER TABLE public."Journals" ALTER COLUMN "Id" ADD GENERATED BY DEFAULT AS IDENTITY (
    SEQUENCE NAME public."Journals_Id_seq"
    START WITH 1
    INCREMENT BY 1
    NO MINVALUE
    NO MAXVALUE
    CACHE 1
);


--
-- Name: SubmissionReviewers; Type: TABLE; Schema: public; Owner: postgres
--

CREATE TABLE public."SubmissionReviewers" (
    "Id" integer NOT NULL,
    "SubmissionId" integer NOT NULL,
    "ReviewerId" text NOT NULL,
    "Status" character varying(50) NOT NULL,
    "ReviewNote" character varying(2000),
    "AssignedAt" timestamp with time zone NOT NULL,
    "CompletedAt" timestamp with time zone
);


ALTER TABLE public."SubmissionReviewers" OWNER TO postgres;

--
-- Name: SubmissionReviewers_Id_seq; Type: SEQUENCE; Schema: public; Owner: postgres
--

ALTER TABLE public."SubmissionReviewers" ALTER COLUMN "Id" ADD GENERATED BY DEFAULT AS IDENTITY (
    SEQUENCE NAME public."SubmissionReviewers_Id_seq"
    START WITH 1
    INCREMENT BY 1
    NO MINVALUE
    NO MAXVALUE
    CACHE 1
);


--
-- Name: Submissions; Type: TABLE; Schema: public; Owner: postgres
--

CREATE TABLE public."Submissions" (
    "Id" integer NOT NULL,
    "Title" character varying(300) NOT NULL,
    "Abstract" text,
    "AuthorId" text,
    "CreatedAt" timestamp with time zone NOT NULL,
    "Status" text NOT NULL,
    "JournalId" integer,
    "Keywords" character varying(500),
    "FilePath" character varying(500),
    "UpdatedAt" timestamp with time zone,
    "EditorNote" character varying(1000)
);


ALTER TABLE public."Submissions" OWNER TO postgres;

--
-- Name: Submissions_Id_seq; Type: SEQUENCE; Schema: public; Owner: postgres
--

ALTER TABLE public."Submissions" ALTER COLUMN "Id" ADD GENERATED BY DEFAULT AS IDENTITY (
    SEQUENCE NAME public."Submissions_Id_seq"
    START WITH 1
    INCREMENT BY 1
    NO MINVALUE
    NO MAXVALUE
    CACHE 1
);


--
-- Name: __EFMigrationsHistory; Type: TABLE; Schema: public; Owner: postgres
--

CREATE TABLE public."__EFMigrationsHistory" (
    "MigrationId" character varying(150) NOT NULL,
    "ProductVersion" character varying(32) NOT NULL
);


ALTER TABLE public."__EFMigrationsHistory" OWNER TO postgres;

--
-- Data for Name: AspNetRoleClaims; Type: TABLE DATA; Schema: public; Owner: postgres
--

COPY public."AspNetRoleClaims" ("Id", "RoleId", "ClaimType", "ClaimValue") FROM stdin;
\.


--
-- Data for Name: AspNetRoles; Type: TABLE DATA; Schema: public; Owner: postgres
--

COPY public."AspNetRoles" ("Id", "Name", "NormalizedName", "ConcurrencyStamp") FROM stdin;
1315c1c9-6c2b-4fb8-8d2b-de181a739d97	Admin	ADMIN	\N
9b422373-2749-441f-b7fa-79f901be0ae1	Editor	EDITOR	\N
3bbe9db0-7539-42bd-af01-bb646764f49e	Reviewer	REVIEWER	\N
46040d39-1632-418c-936e-7c83f5655e09	Author	AUTHOR	\N
20eae4fe-c037-496e-95d4-ce1433fa20f9	Hakem	HAKEM	\N
fe161088-ddea-48e0-b14d-7780384c9b24	Yazar	YAZAR	\N
1a0e60b8-3f5e-426a-ad7f-7462d8530080	Okuyucu	OKUYUCU	\N
\.


--
-- Data for Name: AspNetUserClaims; Type: TABLE DATA; Schema: public; Owner: postgres
--

COPY public."AspNetUserClaims" ("Id", "UserId", "ClaimType", "ClaimValue") FROM stdin;
\.


--
-- Data for Name: AspNetUserLogins; Type: TABLE DATA; Schema: public; Owner: postgres
--

COPY public."AspNetUserLogins" ("LoginProvider", "ProviderKey", "ProviderDisplayName", "UserId") FROM stdin;
\.


--
-- Data for Name: AspNetUserRoles; Type: TABLE DATA; Schema: public; Owner: postgres
--

COPY public."AspNetUserRoles" ("UserId", "RoleId") FROM stdin;
c03ba331-7862-417f-a79f-3be016b5a07e	1315c1c9-6c2b-4fb8-8d2b-de181a739d97
fa299d3f-bedc-4e4a-800b-5c2fa4f3a5e7	1315c1c9-6c2b-4fb8-8d2b-de181a739d97
fa299d3f-bedc-4e4a-800b-5c2fa4f3a5e7	1a0e60b8-3f5e-426a-ad7f-7462d8530080
fa299d3f-bedc-4e4a-800b-5c2fa4f3a5e7	20eae4fe-c037-496e-95d4-ce1433fa20f9
fa299d3f-bedc-4e4a-800b-5c2fa4f3a5e7	3bbe9db0-7539-42bd-af01-bb646764f49e
fa299d3f-bedc-4e4a-800b-5c2fa4f3a5e7	46040d39-1632-418c-936e-7c83f5655e09
fa299d3f-bedc-4e4a-800b-5c2fa4f3a5e7	9b422373-2749-441f-b7fa-79f901be0ae1
fa299d3f-bedc-4e4a-800b-5c2fa4f3a5e7	fe161088-ddea-48e0-b14d-7780384c9b24
78fd34ad-0e0f-48c5-83b3-80368ae618dc	46040d39-1632-418c-936e-7c83f5655e09
\.


--
-- Data for Name: AspNetUserTokens; Type: TABLE DATA; Schema: public; Owner: postgres
--

COPY public."AspNetUserTokens" ("UserId", "LoginProvider", "Name", "Value") FROM stdin;
\.


--
-- Data for Name: AspNetUsers; Type: TABLE DATA; Schema: public; Owner: postgres
--

COPY public."AspNetUsers" ("Id", "FullName", "UserName", "NormalizedUserName", "Email", "NormalizedEmail", "EmailConfirmed", "PasswordHash", "SecurityStamp", "ConcurrencyStamp", "PhoneNumber", "PhoneNumberConfirmed", "TwoFactorEnabled", "LockoutEnd", "LockoutEnabled", "AccessFailedCount", "CreatedAt", "IsActive") FROM stdin;
c03ba331-7862-417f-a79f-3be016b5a07e	Sistem Yöneticisi	admin@dergi.com	ADMIN@DERGI.COM	admin@dergi.com	ADMIN@DERGI.COM	t	AQAAAAIAAYagAAAAEMY/VD2HJlz1LubDEbjiw+GPE9o+cr01Y31h8SZ3IvlROy5TzveOP85jHpXjFUL/KQ==	IE3ZJ4K7Q5L5APLNS4PXGSKHC4J4HV5S	67ec8de5-a7fd-45b3-b6fb-d7f9d224ebd8	\N	f	f	\N	t	0	-infinity	t
fa299d3f-bedc-4e4a-800b-5c2fa4f3a5e7	Hasim Ozudogru	hozudogru@gmail.com	HOZUDOGRU@GMAIL.COM	hozudogru@gmail.com	HOZUDOGRU@GMAIL.COM	f	AQAAAAIAAYagAAAAEH4wbu/uFK/6nhLtGbIu7IQV3TwMyA8JuiSRKfiUBwUZAdcck3I+7sLU3xUjGcxuWw==	P24E7TKIJRGU2RMSJC5GBMIATMLMHSVC	b9963e2f-a964-4710-861c-8318e395ed4b	\N	f	f	\N	t	0	2026-04-11 11:06:55.678621+00	t
78fd34ad-0e0f-48c5-83b3-80368ae618dc	Ahmet Mehmet	hasim@hotmail.com	HASIM@HOTMAIL.COM	hasim@hotmail.com	HASIM@HOTMAIL.COM	f	AQAAAAIAAYagAAAAEFY2N/qIggfoGTvlXa0Qvr8VlRl5UrsuGsLkPBFwC6a73ar+w8On5r2G598K2oZlVg==	ONJ3MKMFPQU5UUTF2N6L456ICDRVYASZ	2031e969-103f-4617-b8f1-98df507545de	\N	f	f	\N	t	0	2026-04-12 03:26:59.563417+00	t
\.


--
-- Data for Name: Journals; Type: TABLE DATA; Schema: public; Owner: postgres
--

COPY public."Journals" ("Id", "Name", "Issn", "Description", "IsActive") FROM stdin;
1	Tarım Ekonomisi Araştırmaları Dergisi	2551-2453	sdafasdfsdf	t
\.


--
-- Data for Name: SubmissionReviewers; Type: TABLE DATA; Schema: public; Owner: postgres
--

COPY public."SubmissionReviewers" ("Id", "SubmissionId", "ReviewerId", "Status", "ReviewNote", "AssignedAt", "CompletedAt") FROM stdin;
1	5	fa299d3f-bedc-4e4a-800b-5c2fa4f3a5e7	Assigned	\N	2026-04-11 17:41:09.977355+00	\N
\.


--
-- Data for Name: Submissions; Type: TABLE DATA; Schema: public; Owner: postgres
--

COPY public."Submissions" ("Id", "Title", "Abstract", "AuthorId", "CreatedAt", "Status", "JournalId", "Keywords", "FilePath", "UpdatedAt", "EditorNote") FROM stdin;
1	Deneem	Deneme 1 2 3 	\N	2026-04-10 19:50:40.372693+00	Submitted	\N	\N	\N	\N	\N
2	ewrtet	rtewte	\N	2026-04-10 19:51:23.872205+00	Submitted	\N	\N	\N	\N	\N
3	restew	ewtrert	\N	2026-04-10 19:53:55.432696+00	Submitted	\N	\N	\N	\N	\N
4	sdgfggf	sdfgsdg	c03ba331-7862-417f-a79f-3be016b5a07e	2026-04-10 20:05:45.902562+00	Submitted	\N	\N	\N	\N	\N
5	sdfgfdsgdsfg	dgfdsfgfd	c03ba331-7862-417f-a79f-3be016b5a07e	2026-04-10 20:05:52.337078+00	InReview	1	\N	\N	2026-04-11 17:41:10.00361+00	\N
38	Sosyal Tarım	Sosyal Tarım Girişimciliği	78fd34ad-0e0f-48c5-83b3-80368ae618dc	2026-04-12 03:27:42.336867+00	Submitted	\N	tarım, sosyal	\N	\N	\N
\.


--
-- Data for Name: __EFMigrationsHistory; Type: TABLE DATA; Schema: public; Owner: postgres
--

COPY public."__EFMigrationsHistory" ("MigrationId", "ProductVersion") FROM stdin;
20260410185059_InitDb	8.0.4
20260410194915_AddJournalRelationToSubmission	8.0.4
20260411091505_AddUserIsActiveAndCreatedAt	8.0.4
20260411160720_UpdateSubmissionWorkflow	8.0.8
\.


--
-- Name: AspNetRoleClaims_Id_seq; Type: SEQUENCE SET; Schema: public; Owner: postgres
--

SELECT pg_catalog.setval('public."AspNetRoleClaims_Id_seq"', 1, false);


--
-- Name: AspNetUserClaims_Id_seq; Type: SEQUENCE SET; Schema: public; Owner: postgres
--

SELECT pg_catalog.setval('public."AspNetUserClaims_Id_seq"', 1, false);


--
-- Name: Journals_Id_seq; Type: SEQUENCE SET; Schema: public; Owner: postgres
--

SELECT pg_catalog.setval('public."Journals_Id_seq"', 1, true);


--
-- Name: SubmissionReviewers_Id_seq; Type: SEQUENCE SET; Schema: public; Owner: postgres
--

SELECT pg_catalog.setval('public."SubmissionReviewers_Id_seq"', 1, true);


--
-- Name: Submissions_Id_seq; Type: SEQUENCE SET; Schema: public; Owner: postgres
--

SELECT pg_catalog.setval('public."Submissions_Id_seq"', 38, true);


--
-- Name: AspNetRoleClaims PK_AspNetRoleClaims; Type: CONSTRAINT; Schema: public; Owner: postgres
--

ALTER TABLE ONLY public."AspNetRoleClaims"
    ADD CONSTRAINT "PK_AspNetRoleClaims" PRIMARY KEY ("Id");


--
-- Name: AspNetRoles PK_AspNetRoles; Type: CONSTRAINT; Schema: public; Owner: postgres
--

ALTER TABLE ONLY public."AspNetRoles"
    ADD CONSTRAINT "PK_AspNetRoles" PRIMARY KEY ("Id");


--
-- Name: AspNetUserClaims PK_AspNetUserClaims; Type: CONSTRAINT; Schema: public; Owner: postgres
--

ALTER TABLE ONLY public."AspNetUserClaims"
    ADD CONSTRAINT "PK_AspNetUserClaims" PRIMARY KEY ("Id");


--
-- Name: AspNetUserLogins PK_AspNetUserLogins; Type: CONSTRAINT; Schema: public; Owner: postgres
--

ALTER TABLE ONLY public."AspNetUserLogins"
    ADD CONSTRAINT "PK_AspNetUserLogins" PRIMARY KEY ("LoginProvider", "ProviderKey");


--
-- Name: AspNetUserRoles PK_AspNetUserRoles; Type: CONSTRAINT; Schema: public; Owner: postgres
--

ALTER TABLE ONLY public."AspNetUserRoles"
    ADD CONSTRAINT "PK_AspNetUserRoles" PRIMARY KEY ("UserId", "RoleId");


--
-- Name: AspNetUserTokens PK_AspNetUserTokens; Type: CONSTRAINT; Schema: public; Owner: postgres
--

ALTER TABLE ONLY public."AspNetUserTokens"
    ADD CONSTRAINT "PK_AspNetUserTokens" PRIMARY KEY ("UserId", "LoginProvider", "Name");


--
-- Name: AspNetUsers PK_AspNetUsers; Type: CONSTRAINT; Schema: public; Owner: postgres
--

ALTER TABLE ONLY public."AspNetUsers"
    ADD CONSTRAINT "PK_AspNetUsers" PRIMARY KEY ("Id");


--
-- Name: Journals PK_Journals; Type: CONSTRAINT; Schema: public; Owner: postgres
--

ALTER TABLE ONLY public."Journals"
    ADD CONSTRAINT "PK_Journals" PRIMARY KEY ("Id");


--
-- Name: Submissions PK_Submissions; Type: CONSTRAINT; Schema: public; Owner: postgres
--

ALTER TABLE ONLY public."Submissions"
    ADD CONSTRAINT "PK_Submissions" PRIMARY KEY ("Id");


--
-- Name: __EFMigrationsHistory PK___EFMigrationsHistory; Type: CONSTRAINT; Schema: public; Owner: postgres
--

ALTER TABLE ONLY public."__EFMigrationsHistory"
    ADD CONSTRAINT "PK___EFMigrationsHistory" PRIMARY KEY ("MigrationId");


--
-- Name: SubmissionReviewers SubmissionReviewers_pkey; Type: CONSTRAINT; Schema: public; Owner: postgres
--

ALTER TABLE ONLY public."SubmissionReviewers"
    ADD CONSTRAINT "SubmissionReviewers_pkey" PRIMARY KEY ("Id");


--
-- Name: EmailIndex; Type: INDEX; Schema: public; Owner: postgres
--

CREATE INDEX "EmailIndex" ON public."AspNetUsers" USING btree ("NormalizedEmail");


--
-- Name: IX_AspNetRoleClaims_RoleId; Type: INDEX; Schema: public; Owner: postgres
--

CREATE INDEX "IX_AspNetRoleClaims_RoleId" ON public."AspNetRoleClaims" USING btree ("RoleId");


--
-- Name: IX_AspNetUserClaims_UserId; Type: INDEX; Schema: public; Owner: postgres
--

CREATE INDEX "IX_AspNetUserClaims_UserId" ON public."AspNetUserClaims" USING btree ("UserId");


--
-- Name: IX_AspNetUserLogins_UserId; Type: INDEX; Schema: public; Owner: postgres
--

CREATE INDEX "IX_AspNetUserLogins_UserId" ON public."AspNetUserLogins" USING btree ("UserId");


--
-- Name: IX_AspNetUserRoles_RoleId; Type: INDEX; Schema: public; Owner: postgres
--

CREATE INDEX "IX_AspNetUserRoles_RoleId" ON public."AspNetUserRoles" USING btree ("RoleId");


--
-- Name: IX_SubmissionReviewers_ReviewerId; Type: INDEX; Schema: public; Owner: postgres
--

CREATE INDEX "IX_SubmissionReviewers_ReviewerId" ON public."SubmissionReviewers" USING btree ("ReviewerId");


--
-- Name: IX_SubmissionReviewers_SubmissionId; Type: INDEX; Schema: public; Owner: postgres
--

CREATE INDEX "IX_SubmissionReviewers_SubmissionId" ON public."SubmissionReviewers" USING btree ("SubmissionId");


--
-- Name: IX_Submissions_AuthorId; Type: INDEX; Schema: public; Owner: postgres
--

CREATE INDEX "IX_Submissions_AuthorId" ON public."Submissions" USING btree ("AuthorId");


--
-- Name: IX_Submissions_JournalId; Type: INDEX; Schema: public; Owner: postgres
--

CREATE INDEX "IX_Submissions_JournalId" ON public."Submissions" USING btree ("JournalId");


--
-- Name: RoleNameIndex; Type: INDEX; Schema: public; Owner: postgres
--

CREATE UNIQUE INDEX "RoleNameIndex" ON public."AspNetRoles" USING btree ("NormalizedName");


--
-- Name: UserNameIndex; Type: INDEX; Schema: public; Owner: postgres
--

CREATE UNIQUE INDEX "UserNameIndex" ON public."AspNetUsers" USING btree ("NormalizedUserName");


--
-- Name: AspNetRoleClaims FK_AspNetRoleClaims_AspNetRoles_RoleId; Type: FK CONSTRAINT; Schema: public; Owner: postgres
--

ALTER TABLE ONLY public."AspNetRoleClaims"
    ADD CONSTRAINT "FK_AspNetRoleClaims_AspNetRoles_RoleId" FOREIGN KEY ("RoleId") REFERENCES public."AspNetRoles"("Id") ON DELETE CASCADE;


--
-- Name: AspNetUserClaims FK_AspNetUserClaims_AspNetUsers_UserId; Type: FK CONSTRAINT; Schema: public; Owner: postgres
--

ALTER TABLE ONLY public."AspNetUserClaims"
    ADD CONSTRAINT "FK_AspNetUserClaims_AspNetUsers_UserId" FOREIGN KEY ("UserId") REFERENCES public."AspNetUsers"("Id") ON DELETE CASCADE;


--
-- Name: AspNetUserLogins FK_AspNetUserLogins_AspNetUsers_UserId; Type: FK CONSTRAINT; Schema: public; Owner: postgres
--

ALTER TABLE ONLY public."AspNetUserLogins"
    ADD CONSTRAINT "FK_AspNetUserLogins_AspNetUsers_UserId" FOREIGN KEY ("UserId") REFERENCES public."AspNetUsers"("Id") ON DELETE CASCADE;


--
-- Name: AspNetUserRoles FK_AspNetUserRoles_AspNetRoles_RoleId; Type: FK CONSTRAINT; Schema: public; Owner: postgres
--

ALTER TABLE ONLY public."AspNetUserRoles"
    ADD CONSTRAINT "FK_AspNetUserRoles_AspNetRoles_RoleId" FOREIGN KEY ("RoleId") REFERENCES public."AspNetRoles"("Id") ON DELETE CASCADE;


--
-- Name: AspNetUserRoles FK_AspNetUserRoles_AspNetUsers_UserId; Type: FK CONSTRAINT; Schema: public; Owner: postgres
--

ALTER TABLE ONLY public."AspNetUserRoles"
    ADD CONSTRAINT "FK_AspNetUserRoles_AspNetUsers_UserId" FOREIGN KEY ("UserId") REFERENCES public."AspNetUsers"("Id") ON DELETE CASCADE;


--
-- Name: AspNetUserTokens FK_AspNetUserTokens_AspNetUsers_UserId; Type: FK CONSTRAINT; Schema: public; Owner: postgres
--

ALTER TABLE ONLY public."AspNetUserTokens"
    ADD CONSTRAINT "FK_AspNetUserTokens_AspNetUsers_UserId" FOREIGN KEY ("UserId") REFERENCES public."AspNetUsers"("Id") ON DELETE CASCADE;


--
-- Name: SubmissionReviewers FK_SubmissionReviewers_AspNetUsers_ReviewerId; Type: FK CONSTRAINT; Schema: public; Owner: postgres
--

ALTER TABLE ONLY public."SubmissionReviewers"
    ADD CONSTRAINT "FK_SubmissionReviewers_AspNetUsers_ReviewerId" FOREIGN KEY ("ReviewerId") REFERENCES public."AspNetUsers"("Id") ON DELETE RESTRICT;


--
-- Name: SubmissionReviewers FK_SubmissionReviewers_Submissions_SubmissionId; Type: FK CONSTRAINT; Schema: public; Owner: postgres
--

ALTER TABLE ONLY public."SubmissionReviewers"
    ADD CONSTRAINT "FK_SubmissionReviewers_Submissions_SubmissionId" FOREIGN KEY ("SubmissionId") REFERENCES public."Submissions"("Id") ON DELETE CASCADE;


--
-- Name: Submissions FK_Submissions_AspNetUsers_AuthorId; Type: FK CONSTRAINT; Schema: public; Owner: postgres
--

ALTER TABLE ONLY public."Submissions"
    ADD CONSTRAINT "FK_Submissions_AspNetUsers_AuthorId" FOREIGN KEY ("AuthorId") REFERENCES public."AspNetUsers"("Id") ON DELETE RESTRICT;


--
-- Name: Submissions FK_Submissions_Journals_JournalId; Type: FK CONSTRAINT; Schema: public; Owner: postgres
--

ALTER TABLE ONLY public."Submissions"
    ADD CONSTRAINT "FK_Submissions_Journals_JournalId" FOREIGN KEY ("JournalId") REFERENCES public."Journals"("Id") ON DELETE SET NULL;


--
-- PostgreSQL database dump complete
--

\unrestrict P6tgMs2qhapZqOCCBUTH4UkWRdKK9G15Ry2ybXkXGL8sdQGJUmImciwnm9wTwmd

